<?xml version="1.0" encoding="UTF-8" standalone="yes"?>
<addons>
<addon id="metadata.movie.adultdvdempire.com"
       name="AdultDVDEmpire"
       version="2.0"
       provider-name="xbmc-adult">
  <requires>
    <import addon="xbmc.metadata" version="1.0"/>
    <import addon="metadata.common.themoviedb.org" version="1.0"/>
  </requires>
  <extension point="xbmc.metadata.scraper.movies"
             language="en"
             library="adultdvdempire.xml"/>
  <extension point="xbmc.addon.metadata">
    <summary lang="en">AdultDVDEmpire Scraper</summary>
    <description lang="en">Download XXX Movie information from adultdvdempire.com</description>
    <platform>all</platform>
  </extension>
</addon>

<addon id="metadata.movie.aebn.gay.net"
       name="AEBN Gay"
       version="1.2.2"
       provider-name="xbmc-adult">
  <requires>
    <import addon="xbmc.metadata" version="1.0"/>
		<import addon="metadata.common.themoviedb.org" version="1.0"/>
  </requires>
  <extension point="xbmc.metadata.scraper.movies"
             language="en"
             library="aebn.xml"/>
  <extension point="xbmc.addon.metadata">
    <summary lang="en">AEBN Gay Scraper</summary>
    <description lang="en">Download XXX Movie information from gay.aebn.net</description>
    <platform>all</platform>
  </extension>
</addon>

<addon id="metadata.movie.aebn.net"
       name="AEBN"
       version="1.2.2"
       provider-name="xbmc-adult">
  <requires>
    <import addon="xbmc.metadata" version="1.0"/>
		<import addon="metadata.common.themoviedb.org" version="1.0"/>
  </requires>
  <extension point="xbmc.metadata.scraper.movies"
             language="en"
             library="aebn.xml"/>
  <extension point="xbmc.addon.metadata">
    <summary lang="en">AEBN Scraper</summary>
    <description lang="en">Download XXX Movie information from aebn.net</description>
    <platform>all</platform>
  </extension>
</addon>

<addon id="metadata.movie.cduniverse.com"
       name="CDUniverse Adult"
       version="1.0.7"
       provider-name="xbmc-adult">
  <requires>
    <import addon="xbmc.metadata" version="1.0"/>
    <import addon="metadata.common.themoviedb.org" version="1.0"/>
  </requires>
  <extension point="xbmc.metadata.scraper.movies"
             language="en"
             library="cduniverse.xml"/>
  <extension point="xbmc.addon.metadata">
    <summary lang="en">CDUniverse Adult Scraper</summary>
    <description lang="en">Download XXX Movie information from adult.cduniverse.com</description>
    <platform>all</platform>
  </extension>
</addon>

<addon id="metadata.movie.data18.com"
       name="Data 18"
       version="1.3.2"
       provider-name="xbmc-adult">
  <requires>
    <import addon="xbmc.metadata" version="1.0"/>
    <import addon="metadata.common.themoviedb.org" version="1.0"/>
  </requires>
  <extension point="xbmc.metadata.scraper.movies"
             language="en"
             library="data18.xml"/>
  <extension point="xbmc.addon.metadata">
    <summary lang="en">Data 18 Scraper</summary>
    <description lang="en">Download XXX Movie information from data18.com</description>
    <platform>all</platform>
  </extension>
</addon>

<addon id="metadata.movie.data18.content.com"
       name="Data 18 Web Content"
       version="1.7.0"
       provider-name="xbmc-adult">
  <requires>
    <import addon="xbmc.metadata" version="1.0"/>
    <import addon="metadata.common.themoviedb.org" version="1.0"/>
  </requires>
  <extension point="xbmc.metadata.scraper.movies"
             language="en"
             library="data18.content.xml"/>
  <extension point="xbmc.addon.metadata">
    <summary lang="en">Data 18 Web Content Scraper</summary>
    <description lang="en">Download XXX Web Content information from data18.com</description>
    <disclaimer>This scraper is only intended to be used with Web Content (data18.com/content/), it will not work correctly with XXX Movies (data18.com/movies/).</disclaimer>
    <platform>all</platform>
  </extension>
</addon>

<addon id="metadata.movie.excaliburfilms.com"
       name="Excalibur Films"
       version="1.0.6"
       provider-name="xbmc-adult">
  <requires>
    <import addon="xbmc.metadata" version="1.0"/>
    <import addon="metadata.common.themoviedb.org" version="1.0"/>
  </requires>
  <extension point="xbmc.metadata.scraper.movies"
             language="en"
             library="Excalibur.xml"/>
  <extension point="xbmc.addon.metadata">
    <summary lang="en">Excalibur Films Scraper</summary>
    <description lang="en">Download XXX Movie information from excaliburfilms.com</description>
    <platform>all</platform>
  </extension>
</addon>

<addon id="metadata.movie.hotmovies.com"
       name="HotMovies"
       version="1.0.3"
       provider-name="xbmc-adult">
  <requires>
    <import addon="xbmc.metadata" version="1.0"/>
    <import addon="metadata.common.themoviedb.org" version="1.0"/>
  </requires>
  <extension point="xbmc.metadata.scraper.movies"
             language="en"
             library="hotmovies.xml"/>
  <extension point="xbmc.addon.metadata">
    <summary lang="en">HotMovies Scraper</summary>
    <description lang="en">Download XXX movie information from hotmovies.com</description>
    <platform>all</platform>
  </extension>
</addon>

<addon id="plugin.video.empflix" name="Empflix" version="2.0.12" provider-name="xbmc-adult">
    <requires>
        <import addon="xbmc.python" version="2.1.0"/>
    </requires>
    <extension point="xbmc.python.pluginsource" library="addon.py">
        <provides>video</provides>
    </extension>
    <extension point="xbmc.addon.metadata">
        <summary>Stream adult videos from empflix.com</summary>
        <description>Empflix.com features a variety of adult videos. This addon contains explicit adult material. You may only view this addon if you are at least 18 years of age, or at least the age of majority in the jurisdiction where you reside or from which you access this content. If you do not meet these requirements, then you do not have permission to use this addon.  All content is hosted by empflix.com.</description>
        <disclaimer>The author does not host or distribute any of the content displayed by this addon. The author does not have any affiliation with the content provider.</disclaimer>
    <platform>all</platform>
    </extension>
</addon>

<addon id="plugin.video.fantasticc"
       name="Fantasti.cc"
       version="2.3.37"
       provider-name="xbmc-adult">
    <requires>
        <import addon="xbmc.python" version="2.1.0"/>
        <import addon="script.module.pil"/>
    </requires>
    <extension point="xbmc.python.pluginsource"
               library="default.py">
        <provides>video</provides>
    </extension>
    <extension point="xbmc.addon.metadata">
        <platform>all</platform>
        <license>GPL 2.0</license>
        <summary lang="en">Fantasti.cc -  Browse videos from a site that aggregates the best porn videos online using the votes of users as the deciding factor</summary>
        <description lang="en">Browse collections (user designed categories) as well as the most popular videos today/week/month as decided by the users of the site</description>
    </extension>
</addon>

<addon id="plugin.video.lubetube"
       name="Lubetube (Adult)"
       version="1.17"
       provider-name="xbmc-adult">
  <requires>
    <import addon="xbmc.python" version="2.1.0"/>
  </requires>
  <extension point="xbmc.python.pluginsource"
            library="default.py">
        <provides>video</provides>
  </extension>
  <extension point="xbmc.addon.metadata">
    <summary>Thousands of Free Streaming Porn videos! Updated every day. Lube Tube is the youtube of free porn.</summary>
    <description>Thousands of Free Streaming Porn videos! Updated every day. Lube Tube is the youtube of free porn.</description>
    <platform>all</platform>
  </extension>
</addon>

<addon id="plugin.video.tube8" name="Tube8" version="2.1.11" provider-name="xbmc-adult">
    <requires>
        <import addon="xbmc.python" version="2.1.0"/>
    </requires>
    <extension point="xbmc.python.pluginsource" library="addon.py">
        <provides>video</provides>
    </extension>
    <extension point="xbmc.addon.metadata">
        <summary>Stream adult videos from tube8.com</summary>
        <description>Tube8.com features a variety of adult videos. This addon contains explicit adult material. You may only view this addon if you are at least 18 years of age, or at least the age of majority in the jurisdiction where you reside or from which you access this content. If you do not meet these requirements, then you do not have permission to use this addon.  All content is hosted by tube8.com.</description>
        <disclaimer>The author does not host or distribute any of the content displayed by this addon. The author does not have any affiliation with the content provider.</disclaimer>
        <platform>all</platform>
    </extension>
</addon>

<addon
  id="plugin.video.videodevil"
  version="1.7.162"
  name="VideoDevil"
  provider-name="xbmc-adult">
  <requires>
   <import addon="xbmc.python" version="2.14.0"/>
  </requires>
  <extension
    point="xbmc.python.pluginsource"
    library="default.py">
   <provides>video</provides>
  </extension>
  <extension point="xbmc.addon.metadata">
    <summary>Play videos from different adult streaming sites</summary>
    <description>This addon plays videos from YouPorn, Tube8, Boysfood, MoviesAnd, PornoTube, xHamster, KeezMovies and some other adult streaming sites. It contains explicit adult material. You may only view this addon if you are at least 18 years of age, or at least the age of majority in the jurisdiction where you reside or from which you access this content. If you do not meet these requirements, then you do not have permission to use this addon. </description>
    <disclaimer>The author does not host or distribute any of the content displayed by this addon. The author does not have any affiliation with the content provider.</disclaimer>
    <platform>all</platform>
  </extension>
</addon>

<addon id="plugin.video.xhamstergay" name="xHamster Gay" version="0.2" provider-name="xbmc-adult">
    <requires>
        <import addon="xbmc.python" version="2.1.0"/>
    </requires>
    <extension point="xbmc.python.pluginsource" library="default.py">
        <provides>video</provides>
    </extension>
    <extension point="xbmc.addon.metadata">
        <summary lang="en">Free Gays Porn Videos</summary>
        <description lang="en">Free Gays Porn Videos from xhamster.com</description>
        <platform>all</platform>
    </extension>
</addon>

<addon id="plugin.video.you.jizz"
       name="YouJizz.com"
       version="1.0.14"
       provider-name="xbmc-adult">
    <requires>
        <import addon="xbmc.python" version="2.1.0"/>
    </requires>
    <extension point="xbmc.python.pluginsource"
               library="default.py">
        <provides>video</provides>
    </extension>
    <extension point="xbmc.addon.metadata">
        <platform>all</platform>
        <license>GPL 2.0</license>
        <summary lang="en">YouJizz.com</summary>
        <description lang="en">****ADULT CONTENT***** Watch erotic and sexy videos from YouJizz.com</description>
    </extension>
</addon>

<addon id="plugin.video.youporngay" name="Youporn Gay" version="0.3" provider-name="xbmc-adult">
    <requires>
        <import addon="xbmc.python" version="2.1.0"/>
    </requires>
    <extension point="xbmc.python.pluginsource" library="default.py">
        <provides>video</provides>
    </extension>
    <extension point="xbmc.addon.metadata">
        <summary lang="en">Free Gay Porn Movies from youporn.com</summary>
        <description lang="en">VISIT Youporn for the BEST GAY PORN MOVIES! GET the sexiest TEEN BOYS Tube and ENJOY Huge Cock Sucking VIDEOS. CLICK NOW to WATCH Hot YOUNG XXX Gay Vidz!</description>
        <platform>all</platform>
    </extension>
</addon>

<addon id="repository.xbmcadult" name="XBMC-Adult Addons" version="1.0.6" provider-name="xbmc-adult">
	<extension point="xbmc.addon.repository" name="XBMC Adult Addons">
		<info compressed="false">http://raw.github.com/xbmc-adult/xbmc-adult/ghmaster/addons.xml</info>
		<checksum>http://raw.github.com/xbmc-adult/xbmc-adult/ghmaster/addons.xml.md5</checksum>
		<datadir zip="true">http://raw.github.com/xbmc-adult/xbmc-adult/ghmaster</datadir>
	</extension>
	<extension point="xbmc.addon.metadata">
		<summary>XBMC Addons for Adults Only</summary>
		<description>This repository contains addons that are for adults only. You may only view the contents of this repository if you are at least 18 years of age, or at least the age of majority in the jurisdiction where you reside or from which you access this content.</description>
		<disclaimer>The owners and submitters to this repository do not host or distribute any of the content displayed by these addons nor do they have any affiliation with the content providers.</disclaimer>
		<platform>all</platform>
	</extension>
</addon>
</addons>
